{"text": " Caio, nesse caso aqui, a cliente se interessou por um empreendimento, e o RL do empreendimento \u00e9 diferente do im\u00f3vel, ent\u00e3o quando \u00e9 feito o ativo, nesse caso, ela t\u00e1 pegando o c\u00f3digo do empreendimento, mas \u00e9 o RL como se fosse da p\u00e1gina do im\u00f3vel, ent\u00e3o eu n\u00e3o sei de que maneira a gente poderia fazer essa trata ativa, n\u00e9, que se for empreendimento a\u00ed teria que fazer o ativo em cima do link do empreendimento, t\u00e1, d\u00e1 uma olhadinha, por que isso n\u00e3o ficou claro na minha explica\u00e7\u00e3o a\u00ed, me fala a\u00ed que eu tento mostrar de alguma outra maneira.", "segments": [{"id": 0, "seek": 0, "start": 0.0, "end": 7.5600000000000005, "text": " Caio, nesse caso aqui, a cliente se interessou por um empreendimento, e o RL do empreendimento", "tokens": [50364, 7544, 1004, 11, 18270, 9666, 3871, 11, 257, 6423, 68, 369, 12478, 263, 1515, 1105, 43223, 521, 10030, 11, 308, 277, 497, 43, 360, 43223, 521, 10030, 50742], "temperature": 0.0, "avg_logprob": -0.24328656630082565, "compression_ratio": 1.834008097165992, "no_speech_prob": 0.883371114730835}, {"id": 1, "seek": 0, "start": 7.5600000000000005, "end": 13.24, "text": " \u00e9 diferente do im\u00f3vel, ent\u00e3o quando \u00e9 feito o ativo, nesse caso, ela t\u00e1 pegando o c\u00f3digo", "tokens": [50742, 1136, 20973, 360, 566, 812, 779, 11, 9071, 7770, 1136, 31243, 277, 412, 6340, 11, 18270, 9666, 11, 7175, 7737, 17199, 1806, 277, 44195, 51026], "temperature": 0.0, "avg_logprob": -0.24328656630082565, "compression_ratio": 1.834008097165992, "no_speech_prob": 0.883371114730835}, {"id": 2, "seek": 0, "start": 13.24, "end": 18.52, "text": " do empreendimento, mas \u00e9 o RL como se fosse da p\u00e1gina do im\u00f3vel, ent\u00e3o eu n\u00e3o sei de", "tokens": [51026, 360, 43223, 521, 10030, 11, 2300, 1136, 277, 497, 43, 2617, 369, 24528, 1120, 36960, 360, 566, 812, 779, 11, 9071, 2228, 2431, 10842, 368, 51290], "temperature": 0.0, "avg_logprob": -0.24328656630082565, "compression_ratio": 1.834008097165992, "no_speech_prob": 0.883371114730835}, {"id": 3, "seek": 0, "start": 18.52, "end": 22.0, "text": " que maneira a gente poderia fazer essa trata ativa, n\u00e9, que se for empreendimento a\u00ed", "tokens": [51290, 631, 30255, 257, 3788, 33674, 6736, 7208, 31920, 412, 5931, 11, 7024, 11, 631, 369, 337, 43223, 521, 10030, 7461, 51464], "temperature": 0.0, "avg_logprob": -0.24328656630082565, "compression_ratio": 1.834008097165992, "no_speech_prob": 0.883371114730835}, {"id": 4, "seek": 0, "start": 22.0, "end": 27.64, "text": " teria que fazer o ativo em cima do link do empreendimento, t\u00e1, d\u00e1 uma olhadinha, por", "tokens": [51464, 45530, 631, 6736, 277, 412, 6340, 846, 22586, 360, 2113, 360, 43223, 521, 10030, 11, 7737, 11, 14401, 2772, 2545, 26326, 6727, 11, 1515, 51746], "temperature": 0.0, "avg_logprob": -0.24328656630082565, "compression_ratio": 1.834008097165992, "no_speech_prob": 0.883371114730835}, {"id": 5, "seek": 2764, "start": 28.12, "end": 34.32, "text": " que isso n\u00e3o ficou claro na minha explica\u00e7\u00e3o a\u00ed, me fala a\u00ed que eu tento mostrar de alguma", "tokens": [50388, 631, 4616, 2431, 25518, 16742, 1667, 11720, 1490, 37823, 7461, 11, 385, 21580, 7461, 631, 2228, 7054, 78, 21487, 368, 20259, 50698], "temperature": 0.0, "avg_logprob": -0.4262576596490268, "compression_ratio": 1.1224489795918366, "no_speech_prob": 0.8787960410118103}, {"id": 6, "seek": 2764, "start": 34.32, "end": 34.96, "text": " outra maneira.", "tokens": [50698, 12301, 30255, 13, 50730], "temperature": 0.0, "avg_logprob": -0.4262576596490268, "compression_ratio": 1.1224489795918366, "no_speech_prob": 0.8787960410118103}], "language": "pt"}